,FB,MSFT,TSLA,AAPL
RMSE,1.68871188,0.579996592,6.14476349,1.398942483
MAPE,0.153720489,0.459809122,0.272148278,0.439125563
