,FB,MSFT,TSLA,AAPL
RMSE,2.855021529554694,1.0647127863013632,6.702129751224386,7.658400513618953
MAPE,0.015065903680895639,0.015580242603675725,0.017558619937827643,0.054227389132821144
