,FB,MSFT,TSLA,AAPL
RMSE,1.9669074227907701,1.5046498279844533,7.358701921726407,9.067535258888162
MAPE,0.00969972763104044,0.018638179428113744,0.01903762708185625,0.05052402410939159
R2 score,0.9896614889522949,0.9905184949949951,0.986097544060154,0.915835809710388
